{"accuracy": 0.5327908396720886, "perplexity": 10.972856521606445}