{"accuracy": 0.5396489500999451, "perplexity": 11.952925682067871}