{"accuracy": 0.5934945940971375, "perplexity": 7.544887542724609}