{"accuracy": 0.5038626194000244, "perplexity": 15.943147659301758}