{"accuracy": 0.5725236535072327, "perplexity": 9.176837921142578}