{"accuracy": 0.5534116625785828, "perplexity": 9.501981735229492}