{"accuracy": 0.5547806024551392, "perplexity": 9.124122619628906}