{"accuracy": 0.5232945084571838, "perplexity": 11.969951629638672}