{"accuracy": 0.5047461986541748, "perplexity": 14.1121826171875}