{"accuracy": 0.5344275832176208, "perplexity": 10.815690040588379}