{"accuracy": 0.3965778052806854, "perplexity": 32.14622116088867}