{"accuracy": 0.5057569742202759, "perplexity": 13.021486282348633}