{"accuracy": 0.5693868398666382, "perplexity": 10.095674514770508}