{"accuracy": 0.565190315246582, "perplexity": 9.11499309539795}