{"accuracy": 0.519606351852417, "perplexity": 14.584763526916504}