{"accuracy": 0.602925717830658, "perplexity": 7.873521327972412}