{"accuracy": 0.5228847861289978, "perplexity": 11.22061538696289}