{"accuracy": 0.5305117964744568, "perplexity": 10.602718353271484}