{"accuracy": 0.5031357407569885, "perplexity": 13.75291633605957}