{"accuracy": 0.509301483631134, "perplexity": 13.326573371887207}