{"accuracy": 0.5109917521476746, "perplexity": 12.364696502685547}