{"accuracy": 0.4240524470806122, "perplexity": 26.334426879882812}