{"accuracy": 0.47308090329170227, "perplexity": 15.187516212463379}