{"accuracy": 0.46871256828308105, "perplexity": 18.470266342163086}