{"accuracy": 0.5740299224853516, "perplexity": 8.750554084777832}