{"accuracy": 0.43490710854530334, "perplexity": 26.230396270751953}