{"accuracy": 0.5028699040412903, "perplexity": 13.956326484680176}