{"accuracy": 0.5050626397132874, "perplexity": 11.907073020935059}