{"accuracy": 0.5003274083137512, "perplexity": 12.786844253540039}