{"accuracy": 0.4837753474712372, "perplexity": 15.627955436706543}