{"accuracy": 0.43692633509635925, "perplexity": 21.52967643737793}