{"accuracy": 0.47893962264060974, "perplexity": 15.45761775970459}