{"accuracy": 0.31997931003570557, "perplexity": 62.68720626831055}