{"accuracy": 0.4984530210494995, "perplexity": 13.509795188903809}