{"accuracy": 0.5682594776153564, "perplexity": 10.226141929626465}