{"accuracy": 0.5617123246192932, "perplexity": 9.21583080291748}