{"accuracy": 0.5214287042617798, "perplexity": 14.576955795288086}