{"accuracy": 0.6025093793869019, "perplexity": 7.866089344024658}