{"accuracy": 0.5194375514984131, "perplexity": 11.489446640014648}