{"accuracy": 0.5284410715103149, "perplexity": 10.741294860839844}