{"accuracy": 0.5026379227638245, "perplexity": 13.892102241516113}