{"accuracy": 0.5076995491981506, "perplexity": 13.537969589233398}