{"accuracy": 0.5041478872299194, "perplexity": 12.754311561584473}