{"accuracy": 0.42457571625709534, "perplexity": 25.379676818847656}