{"accuracy": 0.44304171204566956, "perplexity": 20.191913604736328}