{"accuracy": 0.5286334156990051, "perplexity": 13.067879676818848}