{"accuracy": 0.48604142665863037, "perplexity": 14.649490356445312}