{"accuracy": 0.47520503401756287, "perplexity": 19.791973114013672}