{"accuracy": 0.5748885273933411, "perplexity": 9.196541786193848}