{"accuracy": 0.45274120569229126, "perplexity": 17.64719581604004}