{"accuracy": 0.4684866964817047, "perplexity": 15.964433670043945}