{"accuracy": 0.43300318717956543, "perplexity": 21.928129196166992}