{"accuracy": 0.46074414253234863, "perplexity": 18.662853240966797}