{"accuracy": 0.4529229700565338, "perplexity": 18.24690055847168}