{"accuracy": 0.4084049463272095, "perplexity": 28.659055709838867}