{"accuracy": 0.5351081490516663, "perplexity": 10.857126235961914}