{"accuracy": 0.5364415049552917, "perplexity": 12.161741256713867}