{"accuracy": 0.6064237356185913, "perplexity": 7.209088325500488}