{"accuracy": 0.5052499771118164, "perplexity": 15.943653106689453}