{"accuracy": 0.5667104721069336, "perplexity": 9.604033470153809}