{"accuracy": 0.5605514645576477, "perplexity": 9.124401092529297}