{"accuracy": 0.5662868618965149, "perplexity": 8.640961647033691}