{"accuracy": 0.5323017835617065, "perplexity": 11.466683387756348}