{"accuracy": 0.5132929682731628, "perplexity": 13.999239921569824}