{"accuracy": 0.5447360873222351, "perplexity": 10.33910846710205}