{"accuracy": 0.3797011077404022, "perplexity": 36.98063659667969}