{"accuracy": 0.5116071701049805, "perplexity": 12.543023109436035}