{"accuracy": 0.5188211798667908, "perplexity": 13.559137344360352}