{"accuracy": 0.5849376320838928, "perplexity": 8.14068603515625}