{"accuracy": 0.48509785532951355, "perplexity": 17.765079498291016}