{"accuracy": 0.5553586483001709, "perplexity": 10.332275390625}