{"accuracy": 0.547374427318573, "perplexity": 9.491466522216797}