{"accuracy": 0.5359830856323242, "perplexity": 10.55866813659668}