{"accuracy": 0.5106576085090637, "perplexity": 13.166792869567871}