{"accuracy": 0.4921979308128357, "perplexity": 15.53189468383789}