{"accuracy": 0.5212370753288269, "perplexity": 11.770901679992676}