{"accuracy": 0.37404394149780273, "perplexity": 37.572628021240234}