{"accuracy": 0.5070688724517822, "perplexity": 12.172553062438965}