{"accuracy": 0.5266063213348389, "perplexity": 12.407992362976074}