{"accuracy": 0.5963289141654968, "perplexity": 7.435002326965332}