{"accuracy": 0.4992075264453888, "perplexity": 16.15357208251953}