{"accuracy": 0.5506963133811951, "perplexity": 10.18048095703125}