{"accuracy": 0.5273972153663635, "perplexity": 10.539297103881836}