{"accuracy": 0.5385816693305969, "perplexity": 9.729399681091309}