{"accuracy": 0.5165074467658997, "perplexity": 12.109611511230469}