{"accuracy": 0.488709956407547, "perplexity": 14.315055847167969}