{"accuracy": 0.5194409489631653, "perplexity": 11.23835563659668}