{"accuracy": 0.375284880399704, "perplexity": 35.13298416137695}