{"accuracy": 0.6353873610496521, "perplexity": 6.977288246154785}