{"accuracy": 0.4864436984062195, "perplexity": 17.37488555908203}