{"accuracy": 0.6411759257316589, "perplexity": 5.8204827308654785}