{"accuracy": 0.6109107136726379, "perplexity": 7.1581645011901855}