{"accuracy": 0.5937835574150085, "perplexity": 7.9076457023620605}