{"accuracy": 0.6194043159484863, "perplexity": 6.553435325622559}