{"accuracy": 0.6146748065948486, "perplexity": 6.836348533630371}