{"accuracy": 0.5846439599990845, "perplexity": 9.885346412658691}