{"accuracy": 0.5842705965042114, "perplexity": 8.511035919189453}