{"accuracy": 0.5967268347740173, "perplexity": 8.22156810760498}