{"accuracy": 0.6553906202316284, "perplexity": 5.912035942077637}