{"accuracy": 0.529761791229248, "perplexity": 11.283446311950684}