{"accuracy": 0.5764777064323425, "perplexity": 9.736479759216309}