{"accuracy": 0.5894011855125427, "perplexity": 7.8909101486206055}