{"accuracy": 0.5286887884140015, "perplexity": 13.866390228271484}