{"accuracy": 0.6046411395072937, "perplexity": 7.8162360191345215}