{"accuracy": 0.5554574728012085, "perplexity": 9.446148872375488}