{"accuracy": 0.5546175241470337, "perplexity": 9.102755546569824}