{"accuracy": 0.5265501141548157, "perplexity": 11.903135299682617}