{"accuracy": 0.540458083152771, "perplexity": 11.390645027160645}