{"accuracy": 0.5425462126731873, "perplexity": 10.381295204162598}