{"accuracy": 0.43272870779037476, "perplexity": 24.487680435180664}