{"accuracy": 0.464137464761734, "perplexity": 15.871403694152832}