{"accuracy": 0.4786735773086548, "perplexity": 16.817859649658203}