{"accuracy": 0.5644775629043579, "perplexity": 9.187834739685059}