{"accuracy": 0.45577627420425415, "perplexity": 21.195287704467773}