{"accuracy": 0.5070995092391968, "perplexity": 12.919524192810059}