{"accuracy": 0.4835608899593353, "perplexity": 13.52525520324707}