{"accuracy": 0.5010479092597961, "perplexity": 12.250343322753906}