{"accuracy": 0.47589194774627686, "perplexity": 15.662798881530762}