{"accuracy": 0.4668952524662018, "perplexity": 17.5653076171875}