{"accuracy": 0.48515585064888, "perplexity": 14.095255851745605}