{"accuracy": 0.34585040807724, "perplexity": 43.849063873291016}