{"accuracy": 0.46650296449661255, "perplexity": 16.829811096191406}