{"accuracy": 0.5428330302238464, "perplexity": 11.643556594848633}