{"accuracy": 0.5107351541519165, "perplexity": 12.557577133178711}