{"accuracy": 0.5009582042694092, "perplexity": 16.810932159423828}