{"accuracy": 0.5894894599914551, "perplexity": 8.366490364074707}