{"accuracy": 0.486112117767334, "perplexity": 14.255328178405762}