{"accuracy": 0.4973970055580139, "perplexity": 13.035955429077148}