{"accuracy": 0.46163931488990784, "perplexity": 18.065462112426758}