{"accuracy": 0.49284079670906067, "perplexity": 15.05416488647461}