{"accuracy": 0.4863590598106384, "perplexity": 14.526808738708496}