{"accuracy": 0.43692561984062195, "perplexity": 23.482152938842773}